,name,url
0,Sanukiya,/biz/sanukiya-paris?osq=restaurant+japonais
1,Sushi Yaki,/biz/sushi-yaki-paris-4?osq=restaurant+japonais
2,Onigiriya,/biz/onigiriya-paris?osq=restaurant+japonais
3,Aki,/biz/aki-paris-2?osq=restaurant+japonais
4,Okuda,/biz/okuda-paris?osq=restaurant+japonais
5,Y-Izakaya,/biz/y-izakaya-paris?osq=restaurant+japonais
6,Ippudo,/biz/ippudo-paris-2?osq=restaurant+japonais
7,La Maison du Saké,/biz/la-maison-du-sak%C3%A9-paris?osq=restaurant+japonais
8,Teppanyaki Ginza Onodera,/biz/teppanyaki-ginza-onodera-paris?osq=restaurant+japonais
9,Ginza,/biz/ginza-paris-5?osq=restaurant+japonais
10,Hokkaido,/biz/hokkaido-paris-15?osq=restaurant+japonais
11,Oi Sushi,/biz/oi-sushi-paris?osq=restaurant+japonais
12,Pontochoux,/biz/pontochoux-paris?osq=restaurant+japonais
13,Kunitoraya - Bistro Udon,/biz/kunitoraya-bistro-udon-paris?osq=restaurant+japonais
14,Sushi Room,/biz/sushi-room-paris?osq=restaurant+japonais
15,Takara,/biz/takara-paris-2?osq=restaurant+japonais
16,Yamakawa,/biz/yamakawa-paris-3?osq=restaurant+japonais
17,Kodawari Ramen,/biz/kodawari-ramen-paris-9?osq=restaurant+japonais
18,Jin,/biz/jin-paris?osq=restaurant+japonais
19,Kodawari Ramen,/biz/kodawari-ramen-paris-8?osq=restaurant+japonais
20,Aïda,/biz/a%C3%AFda-paris-4?osq=restaurant+japonais
21,Kagayaki,/biz/kagayaki-paris?osq=restaurant+japonais
22,Ken Kawasaki,/biz/ken-kawasaki-paris?osq=restaurant+japonais
23,Edogawa,/biz/edogawa-paris?osq=restaurant+japonais
24,Côté Sushi,/biz/c%C3%B4t%C3%A9-sushi-paris-11?osq=restaurant+japonais
25,Mussubï,/biz/mussub%C3%AF-paris?osq=restaurant+japonais
26,Sushi Story,/biz/sushi-story-paris-2?osq=restaurant+japonais
27,Ippudo,/biz/ippudo-paris?osq=restaurant+japonais
28,Tagawa,/biz/tagawa-paris?osq=restaurant+japonais
29,Le Bar à Sushi Izumi,/biz/le-bar-%C3%A0-sushi-izumi-paris-3?osq=restaurant+japonais
30,Asia Food Buffet a Volonté,/biz/asia-food-buffet-a-volont%C3%A9-paris?osq=restaurant+japonais
31,Nagoya,/biz/nagoya-paris-2?osq=restaurant+japonais
32,Yeko sushi,/biz/yeko-sushi-paris?osq=restaurant+japonais
33,Nagoya,/biz/nagoya-paris-5?osq=restaurant+japonais
34,Buffet Sentier,/biz/buffet-sentier-paris-5?osq=restaurant+japonais
35,Nishikura,/biz/nishikura-paris?osq=restaurant+japonais
36,Minori,/biz/minori-paris?osq=restaurant+japonais
37,Sushi Okuda,/biz/sushi-okuda-paris?osq=restaurant+japonais
38,Sushi Wa,/biz/sushi-wa-paris-2?osq=restaurant+japonais
39,Sushi Maki,/biz/sushi-maki-paris-2?osq=restaurant+japonais
40,Blueberry,/biz/blueberry-paris?osq=restaurant+japonais
41,Naniwa-Ya,/biz/naniwa-ya-paris?osq=restaurant+japonais
42,Midory,/biz/midory-paris?osq=restaurant+japonais
43,D’Avenir,/biz/d-avenir-paris?osq=restaurant+japonais
44,Abri Soba,/biz/abri-soba-paris?osq=restaurant+japonais
45,Kintaro,/biz/kintaro-paris?osq=restaurant+japonais
46,Fuji Yaki,/biz/fuji-yaki-paris-2?osq=restaurant+japonais
47,Muki Sushi,/biz/muki-sushi-paris-2?osq=restaurant+japonais
48,Yoshida,/biz/yoshida-paris?osq=restaurant+japonais
49,Tomi,/biz/tomi-paris-2?osq=restaurant+japonais
50,Sanki,/biz/sanki-boulogne-billancourt-2?osq=restaurant+japonais
51,Teppanyaki sushi,/biz/teppanyaki-sushi-paris?osq=restaurant+japonais
52,Okomusu,/biz/okomusu-paris?osq=restaurant+japonais
53,Sushi Takasaki,/biz/sushi-takasaki-paris?osq=restaurant+japonais
54,Okinawa,/biz/okinawa-ivry-sur-seine?osq=restaurant+japonais
55,Oko Sushi,/biz/oko-sushi-paris-2?osq=restaurant+japonais
56,Juan,/biz/juan-paris?osq=restaurant+japonais
57,Matsuhisa,/biz/matsuhisa-paris?osq=restaurant+japonais
58,Kushikatsu Bon,/biz/kushikatsu-bon-paris-2?osq=restaurant+japonais
59,Taeko,/biz/taeko-paris?osq=restaurant+japonais
60,Kinoko Sushi,/biz/kinoko-sushi-paris?osq=restaurant+japonais
61,Sazanka,/biz/sazanka-paris?osq=restaurant+japonais
62,Yamagoya,/biz/yamagoya-paris?osq=restaurant+japonais
63,Kisin,/biz/kisin-paris?osq=restaurant+japonais
64,Naka,/biz/naka-paris?osq=restaurant+japonais
65,Yamato,/biz/yamato-paris-7?osq=restaurant+japonais
66,Ten Chi,/biz/ten-chi-paris-2?osq=restaurant+japonais
67,Sushi Orfila,/biz/sushi-orfila-paris-2?osq=restaurant+japonais
68,Azabu,/biz/azabu-paris?osq=restaurant+japonais
69,Nakagawa,/biz/nakagawa-paris?osq=restaurant+japonais
70,Sushi Yakitori,/biz/sushi-yakitori-paris-3?osq=restaurant+japonais
71,Sushi Nara,/biz/sushi-nara-paris?osq=restaurant+japonais
72,Hokkaido,/biz/hokkaido-paris-10?osq=restaurant+japonais
73,Okasushi,/biz/okasushi-paris?osq=restaurant+japonais
74,Atsu Atsu,/biz/atsu-atsu-paris?osq=restaurant+japonais
75,Sashimis Bar,/biz/sashimis-bar-paris?osq=restaurant+japonais
76,Yasube,/biz/yasube-paris?osq=restaurant+japonais
77,Isami,/biz/isami-paris?osq=restaurant+japonais
78,Juji-Ya,/biz/juji-ya-paris?osq=restaurant+japonais
79,Garden Sushi,/biz/garden-sushi-paris?osq=restaurant+japonais
80,Poissons prêts à cuire,/biz/poissons-pr%C3%AAts-%C3%A0-cuire-paris?osq=restaurant+japonais
81,Sushiko,/biz/sushiko-paris?osq=restaurant+japonais
82,Itouya,/biz/itouya-paris?osq=restaurant+japonais
83,Taishoken,/biz/taishoken-paris-2?osq=restaurant+japonais
84,Miam,/biz/miam-paris-3?osq=restaurant+japonais
85,Matsusushi,/biz/matsusushi-paris?osq=restaurant+japonais
86,Kaori,/biz/kaori-paris?osq=restaurant+japonais
87,Nagasaki,/biz/nagasaki-paris?osq=restaurant+japonais
88,kouchi Yaki,/biz/kouchi-yaki-paris?osq=restaurant+japonais
89,Aomori,/biz/aomori-paris?osq=restaurant+japonais
90,Ei Shin Sushi,/biz/ei-shin-sushi-paris?osq=restaurant+japonais
91,Higuma,/biz/higuma-paris-5?osq=restaurant+japonais
92,Hokkaido,/biz/hokkaido-paris-11?osq=restaurant+japonais
93,Kintaro,/biz/kintaro-paris-4?osq=restaurant+japonais
94,Golden Sushi,/biz/golden-sushi-paris?osq=restaurant+japonais
95,Okinawa Sushi,/biz/okinawa-sushi-paris?osq=restaurant+japonais
96,Kaïten,/biz/ka%C3%AFten-paris-2?osq=restaurant+japonais
97,Matsudo,/biz/matsudo-paris?osq=restaurant+japonais
98,Kinugawa,/biz/kinugawa-paris?osq=restaurant+japonais
99,Onigiriz,/biz/onigiriz-paris?osq=restaurant+japonais
100,Akitaya,/biz/akitaya-paris?osq=restaurant+japonais
101,Yotaro,/biz/yotaro-levallois-perret?osq=restaurant+japonais
102,Yokosuna,/biz/yokosuna-paris?osq=restaurant+japonais
103,Iki,/biz/iki-paris?osq=restaurant+japonais
104,Shin Juku,/biz/shin-juku-paris?osq=restaurant+japonais
105,Hokkaido,/biz/hokkaido-paris-7?osq=restaurant+japonais
106,Hyogo Sushi,/biz/hyogo-sushi-paris?osq=restaurant+japonais
107,Nagoya,/biz/nagoya-paris-3?osq=restaurant+japonais
108,Sakura,/biz/sakura-paris-31?osq=restaurant+japonais
109,Onki Sushi,/biz/onki-sushi-paris?osq=restaurant+japonais
110,Aqua Sushi,/biz/aqua-sushi-paris-2?osq=restaurant+japonais
111,Tekkaba,/biz/tekkaba-paris?osq=restaurant+japonais
112,Le Feu de Mars,/biz/le-feu-de-mars-paris?osq=restaurant+japonais
113,Kiyomizu,/biz/kiyomizu-paris?osq=restaurant+japonais
114,Bento&Go,/biz/bento-et-go-paris?osq=restaurant+japonais
115,Toyama,/biz/toyama-paris-4?osq=restaurant+japonais
116,Tenzo by Hissa,/biz/tenzo-by-hissa-paris?osq=restaurant+japonais
117,Wrap N Roll,/biz/wrap-n-roll-paris?osq=restaurant+japonais
118,Yamada,/biz/yamada-paris?osq=restaurant+japonais
119,Eté Edo,/biz/et%C3%A9-edo-paris?osq=restaurant+japonais
120,Momonoki,/biz/momonoki-paris?osq=restaurant+japonais
121,Naoko,/biz/naoko-paris-2?osq=restaurant+japonais
122,Chez Hanafousa,/biz/chez-hanafousa-paris?osq=restaurant+japonais
123,Nakagawa,/biz/nakagawa-paris-2?osq=restaurant+japonais
124,Karaage-Ya,/biz/karaage-ya-paris?osq=restaurant+japonais
125,Miss Kō,/biz/miss-k%C5%8D-paris-2?osq=restaurant+japonais
126,Wakoya,/biz/wakoya-paris?osq=restaurant+japonais
127,Fuji Yaki,/biz/fuji-yaki-paris-3?osq=restaurant+japonais
128,Nodaïwa,/biz/noda%C3%AFwa-paris-2?osq=restaurant+japonais
129,Sushi Soba,/biz/sushi-soba-paris?osq=restaurant+japonais
130,Tsukizi,/biz/tsukizi-paris?osq=restaurant+japonais
131,Happa Teï,/biz/happa-te%C3%AF-paris-2?osq=restaurant+japonais
132,LÜÜK,/biz/l%C3%BC%C3%BCk-paris-3?osq=restaurant+japonais
133,Sushi Q,/biz/sushi-q-paris?osq=restaurant+japonais
134,Miyako,/biz/miyako-paris?osq=restaurant+japonais
135,Matsuri,/biz/matsuri-neuilly-sur-seine-2?osq=restaurant+japonais
136,Okirama,/biz/okirama-paris-2?osq=restaurant+japonais
137,Restaurant Japonais Takara,/biz/restaurant-japonais-takara-villemomble?osq=restaurant+japonais
138,Sushisha,/biz/sushisha-paris?osq=restaurant+japonais
139,Rice and Fish,/biz/rice-and-fish-paris?osq=restaurant+japonais
140,Osaka Royal,/biz/osaka-royal-saint-cloud-2?osq=restaurant+japonais
141,Sushi Alésia,/biz/sushi-al%C3%A9sia-paris-4?osq=restaurant+japonais
142,Itadaki,/biz/itadaki-paris?osq=restaurant+japonais
143,Kyoto,/biz/kyoto-levallois-perret?osq=restaurant+japonais
144,Sushi Buffet,/biz/sushi-buffet-paris-2?osq=restaurant+japonais
145,Kokoya,/biz/kokoya-paris?osq=restaurant+japonais
146,Shu,/biz/shu-paris?osq=restaurant+japonais
147,Yotaro,/biz/yotaro-paris-2?osq=restaurant+japonais
148,Yuzu,/biz/yuzu-paris?osq=restaurant+japonais
149,Fleurs de Cerisier,/biz/fleurs-de-cerisier-paris?osq=restaurant+japonais
150,Koï,/biz/ko%C3%AF-paris?osq=restaurant+japonais
151,Zen,/biz/zen-paris?osq=restaurant+japonais
152,Akita,/biz/akita-paris-2?osq=restaurant+japonais
153,Matsudo Yaki,/biz/matsudo-yaki-paris?osq=restaurant+japonais
154,Yoki,/biz/yoki-paris-14?osq=restaurant+japonais
155,Cardinal France Yakitori et Sushicho,/biz/cardinal-france-yakitori-et-sushicho-paris?osq=restaurant+japonais
156,Vendôme Sushi,/biz/vend%C3%B4me-sushi-paris-3?osq=restaurant+japonais
157,Mushimushi,/biz/mushimushi-paris?osq=restaurant+japonais
158,Tagawa,/biz/tagawa-paris-2?osq=restaurant+japonais
159,Allo Sushi,/biz/allo-sushi-paris?osq=restaurant+japonais
160,Izu,/biz/izu-paris?osq=restaurant+japonais
161,Kyobashi,/biz/kyobashi-paris-2?osq=restaurant+japonais
162,Koto Koto,/biz/koto-koto-paris?osq=restaurant+japonais
163,Tonkatsu-Tombo,/biz/tonkatsu-tombo-paris?osq=restaurant+japonais
164,Sancho,/biz/sancho-paris?osq=restaurant+japonais
165,Tori Ichi,/biz/tori-ichi-paris-2?osq=restaurant+japonais
166,Ito Sushi,/biz/ito-sushi-paris?osq=restaurant+japonais
167,Kintaro,/biz/kintaro-paris-2?osq=restaurant+japonais
168,Hakata Choten,/biz/hakata-choten-paris?osq=restaurant+japonais
169,Sushi Bar,/biz/sushi-bar-paris-8?osq=restaurant+japonais
170,Nagano,/biz/nagano-le-pr%C3%A9-saint-gervais-2?osq=restaurant+japonais
171,Koko Bistro Japonais,/biz/koko-bistro-japonais-paris?osq=restaurant+japonais
172,Nakagawa,/biz/nakagawa-paris-5?osq=restaurant+japonais
173,Sushi Cherie,/biz/sushi-cherie-paris?osq=restaurant+japonais
174,Fujiwara,/biz/fujiwara-paris?osq=restaurant+japonais
175,SUN CAFE,/biz/sun-cafe-paris-4?osq=restaurant+japonais
176,Sakura,/biz/sakura-paris-23?osq=restaurant+japonais
177,Aï Hsu,/biz/a%C3%AF-hsu-paris-2?osq=restaurant+japonais
178,Le Concert de Cuisine,/biz/le-concert-de-cuisine-paris?osq=restaurant+japonais
179,Yen,/biz/yen-paris?osq=restaurant+japonais
180,Sanyo Sushi,/biz/sanyo-sushi-paris?osq=restaurant+japonais
181,Sushi Konnichiwa,/biz/sushi-konnichiwa-paris?osq=restaurant+japonais
182,Tachibana,/biz/tachibana-paris?osq=restaurant+japonais
183,Sushi Jidai,/biz/sushi-jidai-paris?osq=restaurant+japonais
184,Chez Mimi,/biz/chez-mimi-paris-2?osq=restaurant+japonais
185,Kawasaki Sushi,/biz/kawasaki-sushi-clichy?osq=restaurant+japonais
186,Forum Sushi,/biz/forum-sushi-paris-2?osq=restaurant+japonais
187,Kim,/biz/kim-paris-3?osq=restaurant+japonais
188,Tonegawa,/biz/tonegawa-paris?osq=restaurant+japonais
189,Nihonkaku,/biz/nihonkaku-paris-2?osq=restaurant+japonais
190,Daikon,/biz/daikon-paris?osq=restaurant+japonais
191,Japikeo,/biz/japikeo-paris?osq=restaurant+japonais
192,NANAYA,/biz/nanaya-paris-2?osq=restaurant+japonais
193,Sushi Délice,/biz/sushi-d%C3%A9lice-paris-2?osq=restaurant+japonais
194,Hotaru,/biz/hotaru-paris?osq=restaurant+japonais
195,Sushi MAKI,/biz/sushi-maki-paris?osq=restaurant+japonais
196,Le Soleil Levant,/biz/le-soleil-levant-paris-3?osq=restaurant+japonais
197,Kura,/biz/kura-paris-16?osq=restaurant+japonais
198,Sakura,/biz/sakura-paris-10?osq=restaurant+japonais
199,Osaka,/biz/osaka-paris-8?osq=restaurant+japonais
200,Soleil Levant,/biz/soleil-levant-paris-2?osq=restaurant+japonais
201,Sushi In Sushi,/biz/sushi-in-sushi-paris?osq=restaurant+japonais
202,Nakagawa,/biz/nakagawa-paris-3?osq=restaurant+japonais
203,Kunitoraya,/biz/kunitoraya-paris-4?osq=restaurant+japonais
204,Osaka Sushi,/biz/osaka-sushi-paris-7?osq=restaurant+japonais
205,Sushi Gobelins,/biz/sushi-gobelins-paris-2?osq=restaurant+japonais
206,Ao Izakaya,/biz/ao-izakaya-paris?osq=restaurant+japonais
207,Le Petit Keller,/biz/le-petit-keller-paris-2?osq=restaurant+japonais
208,Yummy Asian Food,/biz/yummy-asian-food-paris-2?osq=restaurant+japonais
209,Sushi Royal,/biz/sushi-royal-paris?osq=restaurant+japonais
210,Sushi Best,/biz/sushi-best-paris?osq=restaurant+japonais
211,Shokado,/biz/shokado-paris?osq=restaurant+japonais
212,Yaki Kobe,/biz/yaki-kobe-paris-2?osq=restaurant+japonais
213,Atsushi Tanaka,/biz/atsushi-tanaka-paris?osq=restaurant+japonais
214,Sushi Bar,/biz/sushi-bar-paris-7?osq=restaurant+japonais
215,Koshi,/biz/koshi-paris?osq=restaurant+japonais
216,Yoshi World,/biz/yoshi-world-paris?osq=restaurant+japonais
217,Japorama,/biz/japorama-paris-4?osq=restaurant+japonais
218,Samouraï,/biz/samoura%C3%AF-paris-3?osq=restaurant+japonais
219,Toyotaka,/biz/toyotaka-paris?osq=restaurant+japonais
220,New Yoko,/biz/new-yoko-paris?osq=restaurant+japonais
221,Fuugaya,/biz/fuugaya-paris?osq=restaurant+japonais
222,Goosushi,/biz/goosushi-paris-2?osq=restaurant+japonais
223,Sushi Asia,/biz/sushi-asia-paris?osq=restaurant+japonais
224,Sayuri,/biz/sayuri-montrouge?osq=restaurant+japonais
225,Sushisaka,/biz/sushisaka-paris?osq=restaurant+japonais
226,Udon Jubey,/biz/udon-jubey-paris-2?osq=restaurant+japonais
227,Arashi Yama,/biz/arashi-yama-paris?osq=restaurant+japonais
228,Naoki,/biz/naoki-paris?osq=restaurant+japonais
229,Uma,/biz/uma-paris-6?osq=restaurant+japonais
230,Ichiban,/biz/ichiban-paris-3?osq=restaurant+japonais
231,Yokohama,/biz/yokohama-asnieres-sur-seine?osq=restaurant+japonais
232,Sushi Ren,/biz/sushi-ren-paris?osq=restaurant+japonais
233,Sushirama,/biz/sushirama-paris-2?osq=restaurant+japonais
234,Sushi Passy,/biz/sushi-passy-paris-2?osq=restaurant+japonais
235,Wakaba,/biz/wakaba-paris?osq=restaurant+japonais
236,Sushi Itouya,/biz/sushi-itouya-paris-17?osq=restaurant+japonais
237,Botan de la Vigne,/biz/botan-de-la-vigne-paris?osq=restaurant+japonais
238,Inagiku,/biz/inagiku-paris?osq=restaurant+japonais
239,Isumo,/biz/isumo-paris-2?osq=restaurant+japonais
